{"cameraMode":{"drawMode":0,"name":"Shaded","section":"Shading Mode"},"sceneLighting":true,"audioPlay":false,"sceneViewState":{"m_AlwaysRefresh":false,"showFog":true,"showSkybox":true,"showFlares":true,"showImageEffects":true,"showParticleSystems":true,"showVisualEffectGraphs":true,"m_FxEnabled":true},"in2DMode":false,"pivot":{"x":5.385756015777588,"y":0.8058518171310425,"z":-28.068626403808595},"rotation":{"x":0.0017520226538181306,"y":-0.9999651312828064,"z":0.02130034938454628,"w":0.009244201704859734},"size":2.659515142440796,"orthographic":false}