{"cameraMode":{"drawMode":0,"name":"Shaded","section":"Shading Mode"},"sceneLighting":true,"audioPlay":false,"sceneViewState":{"m_AlwaysRefresh":false,"showFog":true,"showSkybox":true,"showFlares":true,"showImageEffects":true,"showParticleSystems":true,"showVisualEffectGraphs":true,"m_FxEnabled":true},"in2DMode":false,"pivot":{"x":23.623260498046876,"y":0.6440650224685669,"z":-30.188854217529298},"rotation":{"x":0.0022790159564465286,"y":-0.9945345520973206,"z":0.10662239789962769,"w":0.0087377754971385},"size":2.6433913707733156,"orthographic":false}